Entity,Code,Year,NumberUN
Afghanistan,AFG,2000,9.3
Afghanistan,AFG,2001,9.8
Afghanistan,AFG,2002,9.6
Afghanistan,AFG,2003,9.2
Afghanistan,AFG,2004,8.7
Afghanistan,AFG,2005,8.3
Afghanistan,AFG,2006,7.8
Afghanistan,AFG,2007,7.2
Afghanistan,AFG,2008,6.7
Afghanistan,AFG,2009,6.4
Afghanistan,AFG,2010,6.4
Afghanistan,AFG,2011,6.6
Afghanistan,AFG,2012,7.1
Afghanistan,AFG,2013,7.9
Afghanistan,AFG,2014,8.8
Afghanistan,AFG,2015,9.6
Afghanistan,AFG,2016,10.2
Afghanistan,AFG,2017,10.6
Africa,,2000,200.7
Africa,,2001,200.8
Africa,,2002,201.9
Africa,,2003,201.1
Africa,,2004,199.2
Africa,,2005,196.4
Africa,,2006,195.9
Africa,,2007,196.9
Africa,,2008,198.8
Africa,,2009,199.6
Africa,,2010,200.5
Africa,,2011,201.6
Africa,,2012,204.8
Africa,,2013,207.9
Africa,,2014,212.4
Africa,,2015,221.5
Africa,,2016,233.7
Africa,,2017,246.4
Albania,ALB,2000,0.2
Albania,ALB,2001,0.2
Albania,ALB,2002,0.3
Albania,ALB,2003,0.3
Albania,ALB,2004,0.3
Albania,ALB,2005,0.3
Albania,ALB,2006,0.3
Albania,ALB,2007,0.3
Albania,ALB,2008,0.3
Albania,ALB,2009,0.2
Albania,ALB,2010,0.2
Albania,ALB,2011,0.2
Albania,ALB,2012,0.2
Albania,ALB,2013,0.2
Albania,ALB,2014,0.2
Albania,ALB,2015,0.2
Albania,ALB,2016,0.2
Albania,ALB,2017,0.2
Algeria,DZA,2000,3.3
Algeria,DZA,2001,3.2
Algeria,DZA,2002,3.1
Algeria,DZA,2003,3
Algeria,DZA,2004,3
Algeria,DZA,2005,2.9
Algeria,DZA,2006,2.8
Algeria,DZA,2007,2.8
Algeria,DZA,2008,2.6
Algeria,DZA,2009,2.5
Algeria,DZA,2010,2.3
Algeria,DZA,2011,2
Algeria,DZA,2012,1.9
Algeria,DZA,2013,1.7
Algeria,DZA,2014,1.6
Algeria,DZA,2015,1.6
Algeria,DZA,2016,1.6
Algeria,DZA,2017,1.6
Angola,AGO,2000,11.8
Angola,AGO,2001,11.7
Angola,AGO,2002,11.5
Angola,AGO,2003,11.2
Angola,AGO,2004,10.9
Angola,AGO,2005,10.7
Angola,AGO,2006,10.5
Angola,AGO,2007,10.2
Angola,AGO,2008,9.9
Angola,AGO,2009,9.6
Angola,AGO,2010,9.5
Angola,AGO,2011,9.3
Angola,AGO,2012,8.8
Angola,AGO,2013,8.1
Angola,AGO,2014,7.6
Angola,AGO,2015,7.4
Angola,AGO,2016,7.4
Angola,AGO,2017,7.4
Argentina,ARG,2000,1.3
Argentina,ARG,2001,1.5
Argentina,ARG,2002,1.9
Argentina,ARG,2003,2
Argentina,ARG,2004,2
Argentina,ARG,2005,1.9
Argentina,ARG,2006,1.7
Argentina,ARG,2007,1.7
Argentina,ARG,2008,1.7
Argentina,ARG,2009,1.7
Argentina,ARG,2010,1.7
Argentina,ARG,2011,1.6
Argentina,ARG,2012,1.6
Argentina,ARG,2013,1.5
Argentina,ARG,2014,1.5
Argentina,ARG,2015,1.6
Argentina,ARG,2016,1.8
Argentina,ARG,2017,2.1
Armenia,ARM,2000,0.7
Armenia,ARM,2001,0.7
Armenia,ARM,2002,0.6
Armenia,ARM,2003,0.5
Armenia,ARM,2004,0.3
Armenia,ARM,2005,0.2
Armenia,ARM,2006,0.2
Armenia,ARM,2007,0.2
Armenia,ARM,2008,0.1
Armenia,ARM,2009,0.2
Armenia,ARM,2010,0.2
Armenia,ARM,2011,0.2
Armenia,ARM,2012,0.1
Armenia,ARM,2013,0.1
Armenia,ARM,2014,0.1
Armenia,ARM,2015,0.1
Armenia,ARM,2016,0.1
Armenia,ARM,2017,0.1
Asia,,2000,634.7
Asia,,2001,652.1
Asia,,2002,672.5
Asia,,2003,686.7
Asia,,2004,691.1
Asia,,2005,681.5
Asia,,2006,659.1
Asia,,2007,631.6
Asia,,2008,607.9
Asia,,2009,589.3
Asia,,2010,575.2
Asia,,2011,563.5
Asia,,2012,554.4
Asia,,2013,543
Asia,,2014,531
Asia,,2015,520.1
Asia,,2016,514.5
Asia,,2017,512.9
Asia Central,,2000,7.1
Asia Central,,2001,7.8
Asia Central,,2002,8.1
Asia Central,,2003,7.8
Asia Central,,2004,7.2
Asia Central,,2005,6.5
Asia Central,,2006,5.8
Asia Central,,2007,5.3
Asia Central,,2008,5
Asia Central,,2009,4.8
Asia Central,,2010,4.6
Asia Central,,2011,4.3
Asia Central,,2012,4
Asia Central,,2013,3.9
Asia Central,,2014,3.8
Asia Central,,2015,3.8
Asia Central,,2016,3.9
Asia Central,,2017,4
Azerbaijan,AZE,2000,1.9
Azerbaijan,AZE,2001,1.5
Azerbaijan,AZE,2002,1.2
Azerbaijan,AZE,2003,1
Azerbaijan,AZE,2004,0.7
Azerbaijan,AZE,2005,0.5
Azerbaijan,AZE,2006,0.3
Azerbaijan,AZE,2007,0.2
Azerbaijan,AZE,2008,0.2
Azerbaijan,AZE,2009,0.2
Bangladesh,BGD,2000,27.3
Bangladesh,BGD,2001,25.1
Bangladesh,BGD,2002,24.8
Bangladesh,BGD,2003,24.4
Bangladesh,BGD,2004,24.1
Bangladesh,BGD,2005,23.8
Bangladesh,BGD,2006,23.8
Bangladesh,BGD,2007,23.9
Bangladesh,BGD,2008,24.4
Bangladesh,BGD,2009,25
Bangladesh,BGD,2010,25.7
Bangladesh,BGD,2011,26.1
Bangladesh,BGD,2012,26.3
Bangladesh,BGD,2013,26.1
Bangladesh,BGD,2014,25.8
Bangladesh,BGD,2015,25.3
Bangladesh,BGD,2016,24.7
Bangladesh,BGD,2017,24.2
Belarus,BLR,2001,0.3
Belarus,BLR,2002,0.3
Belarus,BLR,2003,0.4
Belarus,BLR,2004,0.3
Belarus,BLR,2005,0.3
Benin,BEN,2000,1.6
Benin,BEN,2001,1.5
Benin,BEN,2002,1.4
Benin,BEN,2003,1.3
Benin,BEN,2004,1.3
Benin,BEN,2005,1.2
Benin,BEN,2006,1.2
Benin,BEN,2007,1.1
Benin,BEN,2008,1.1
Benin,BEN,2009,1.1
Benin,BEN,2010,1.1
Benin,BEN,2011,1.1
Benin,BEN,2012,1.1
Benin,BEN,2013,1
Benin,BEN,2014,1
Benin,BEN,2015,1
Benin,BEN,2016,1.1
Benin,BEN,2017,1.1
Bolivia,BOL,2000,2.8
Bolivia,BOL,2001,2.7
Bolivia,BOL,2002,2.7
Bolivia,BOL,2003,2.8
Bolivia,BOL,2004,2.8
Bolivia,BOL,2005,2.8
Bolivia,BOL,2006,2.7
Bolivia,BOL,2007,2.6
Bolivia,BOL,2008,2.7
Bolivia,BOL,2009,2.7
Bolivia,BOL,2010,2.6
Bolivia,BOL,2011,2.5
Bolivia,BOL,2012,2.3
Bolivia,BOL,2013,2.2
Bolivia,BOL,2014,2
Bolivia,BOL,2015,1.9
Bolivia,BOL,2016,1.9
Bolivia,BOL,2017,1.9
Bosnia and Herzegovina,BIH,2000,0.2
Bosnia and Herzegovina,BIH,2001,0.2
Bosnia and Herzegovina,BIH,2002,0.2
Bosnia and Herzegovina,BIH,2003,0.2
Bosnia and Herzegovina,BIH,2004,0.1
Bosnia and Herzegovina,BIH,2005,0.1
Bosnia and Herzegovina,BIH,2006,0.1
Bosnia and Herzegovina,BIH,2007,0.1
Botswana,BWA,2000,0.6
Botswana,BWA,2001,0.6
Botswana,BWA,2002,0.6
Botswana,BWA,2003,0.6
Botswana,BWA,2004,0.6
Botswana,BWA,2005,0.6
Botswana,BWA,2006,0.6
Botswana,BWA,2007,0.6
Botswana,BWA,2008,0.6
Botswana,BWA,2009,0.6
Botswana,BWA,2010,0.6
Botswana,BWA,2011,0.5
Botswana,BWA,2012,0.5
Botswana,BWA,2013,0.5
Botswana,BWA,2014,0.5
Botswana,BWA,2015,0.6
Botswana,BWA,2016,0.6
Botswana,BWA,2017,0.6
Brazil,BRA,2000,20.9
Brazil,BRA,2001,18.8
Brazil,BRA,2002,15.7
Brazil,BRA,2003,12.6
Brazil,BRA,2004,10.3
Brazil,BRA,2005,8.6
Brazil,BRA,2006,7.4
Brazil,BRA,2007,6.1
Brazil,BRA,2008,5.1
Bulgaria,BGR,2000,0.4
Bulgaria,BGR,2001,0.4
Bulgaria,BGR,2002,0.4
Bulgaria,BGR,2003,0.5
Bulgaria,BGR,2004,0.5
Bulgaria,BGR,2005,0.5
Bulgaria,BGR,2006,0.5
Bulgaria,BGR,2007,0.5
Bulgaria,BGR,2008,0.4
Bulgaria,BGR,2009,0.4
Bulgaria,BGR,2010,0.4
Bulgaria,BGR,2011,0.4
Bulgaria,BGR,2012,0.4
Bulgaria,BGR,2013,0.4
Bulgaria,BGR,2014,0.3
Bulgaria,BGR,2015,0.3
Bulgaria,BGR,2016,0.3
Bulgaria,BGR,2017,0.3
Burkina Faso,BFA,2000,2.9
Burkina Faso,BFA,2001,3.1
Burkina Faso,BFA,2002,3.2
Burkina Faso,BFA,2003,3.2
Burkina Faso,BFA,2004,3.3
Burkina Faso,BFA,2005,3.3
Burkina Faso,BFA,2006,3.4
Burkina Faso,BFA,2007,3.4
Burkina Faso,BFA,2008,3.3
Burkina Faso,BFA,2009,3.3
Burkina Faso,BFA,2010,3.3
Burkina Faso,BFA,2011,3.3
Burkina Faso,BFA,2012,3.4
Burkina Faso,BFA,2013,3.4
Burkina Faso,BFA,2014,3.5
Burkina Faso,BFA,2015,3.6
Burkina Faso,BFA,2016,3.7
Burkina Faso,BFA,2017,3.8
Cambodia,KHM,2000,3.6
Cambodia,KHM,2001,3.2
Cambodia,KHM,2002,2.9
Cambodia,KHM,2003,2.8
Cambodia,KHM,2004,2.7
Cambodia,KHM,2005,2.7
Cambodia,KHM,2006,2.6
Cambodia,KHM,2007,2.6
Cambodia,KHM,2008,2.6
Cambodia,KHM,2009,2.6
Cambodia,KHM,2010,2.7
Cambodia,KHM,2011,2.7
Cambodia,KHM,2012,2.7
Cambodia,KHM,2013,2.8
Cambodia,KHM,2014,2.8
Cambodia,KHM,2015,2.8
Cambodia,KHM,2016,2.7
Cambodia,KHM,2017,2.6
Cameroon,CMR,2000,4.7
Cameroon,CMR,2001,4.5
Cameroon,CMR,2002,4.3
Cameroon,CMR,2003,4
Cameroon,CMR,2004,3.8
Cameroon,CMR,2005,3.5
Cameroon,CMR,2006,3.3
Cameroon,CMR,2007,3
Cameroon,CMR,2008,2.7
Cameroon,CMR,2009,2.5
Cameroon,CMR,2010,2.3
Cameroon,CMR,2011,2.1
Cameroon,CMR,2012,1.9
Cameroon,CMR,2013,1.7
Cameroon,CMR,2014,1.6
Cameroon,CMR,2015,1.8
Cameroon,CMR,2016,2
Cameroon,CMR,2017,2.4
Caribbean,,2000,8.9
Caribbean,,2001,8.9
Caribbean,,2002,9.1
Caribbean,,2003,9.3
Caribbean,,2004,9.3
Caribbean,,2005,9.1
Caribbean,,2006,8.9
Caribbean,,2007,8.8
Caribbean,,2008,8.6
Caribbean,,2009,8.4
Caribbean,,2010,8.1
Caribbean,,2011,7.9
Caribbean,,2012,7.9
Caribbean,,2013,7.9
Caribbean,,2014,7.8
Caribbean,,2015,7.7
Caribbean,,2016,7.6
Caribbean,,2017,7.7
Central African Republic,CAF,2000,1.6
Central African Republic,CAF,2001,1.6
Central African Republic,CAF,2002,1.6
Central African Republic,CAF,2003,1.6
Central African Republic,CAF,2004,1.7
Central African Republic,CAF,2005,1.6
Central African Republic,CAF,2006,1.6
Central African Republic,CAF,2007,1.5
Central African Republic,CAF,2008,1.5
Central African Republic,CAF,2009,1.4
Central African Republic,CAF,2010,1.4
Central African Republic,CAF,2011,1.5
Central African Republic,CAF,2012,1.7
Central African Republic,CAF,2013,2
Central African Republic,CAF,2014,2.4
Central African Republic,CAF,2015,2.6
Central African Republic,CAF,2016,2.8
Central African Republic,CAF,2017,2.8
Central America,,2000,11.5
Central America,,2001,11
Central America,,2002,11.2
Central America,,2003,11.9
Central America,,2004,12.4
Central America,,2005,12.3
Central America,,2006,11.7
Central America,,2007,11.4
Central America,,2008,11.5
Central America,,2009,11.6
Central America,,2010,11.7
Central America,,2011,11.7
Central America,,2012,11.8
Central America,,2013,11.5
Central America,,2014,11.2
Central America,,2015,10.9
Central America,,2016,10.7
Central America,,2017,10.8
Central and Southern Asia,,2000,279.4
Central and Southern Asia,,2001,298.4
Central and Southern Asia,,2002,321.7
Central and Southern Asia,,2003,337.9
Central and Southern Asia,,2004,345.6
Central and Southern Asia,,2005,340.5
Central and Southern Asia,,2006,325.8
Central and Southern Asia,,2007,309
Central and Southern Asia,,2008,298.8
Central and Southern Asia,,2009,296.4
Central and Southern Asia,,2010,298.3
Central and Southern Asia,,2011,301.2
Central and Southern Asia,,2012,303.1
Central and Southern Asia,,2013,301.5
Central and Southern Asia,,2014,296.7
Central and Southern Asia,,2015,289.7
Central and Southern Asia,,2016,284.2
Central and Southern Asia,,2017,281.7
Chad,TCD,2000,3.3
Chad,TCD,2001,3.4
Chad,TCD,2002,3.6
Chad,TCD,2003,3.7
Chad,TCD,2004,3.8
Chad,TCD,2005,3.9
Chad,TCD,2006,4.1
Chad,TCD,2007,4.3
Chad,TCD,2008,4.5
Chad,TCD,2009,4.7
Chad,TCD,2010,4.8
Chad,TCD,2011,4.8
Chad,TCD,2012,4.8
Chad,TCD,2013,4.9
Chad,TCD,2014,5
Chad,TCD,2015,5.1
Chad,TCD,2016,5.3
Chad,TCD,2017,5.6
Chile,CHL,2000,0.7
Chile,CHL,2001,0.7
Chile,CHL,2002,0.6
Chile,CHL,2003,0.6
Chile,CHL,2004,0.6
Chile,CHL,2005,0.6
Chile,CHL,2006,0.6
Chile,CHL,2007,0.6
Chile,CHL,2008,0.7
Chile,CHL,2009,0.7
Chile,CHL,2010,0.7
Chile,CHL,2011,0.7
Chile,CHL,2012,0.7
Chile,CHL,2013,0.6
Chile,CHL,2014,0.6
Chile,CHL,2015,0.6
Chile,CHL,2016,0.5
Chile,CHL,2017,0.5
China,CHN,2000,208.3
China,CHN,2001,208.5
China,CHN,2002,208.5
China,CHN,2003,209.1
China,CHN,2004,208.5
China,CHN,2005,206
China,CHN,2006,201
China,CHN,2007,193.3
China,CHN,2008,183.6
China,CHN,2009,173.6
China,CHN,2010,163.8
China,CHN,2011,155
China,CHN,2012,146.6
China,CHN,2013,137.7
China,CHN,2014,130
China,CHN,2015,125
China,CHN,2016,123.1
China,CHN,2017,122.4
Colombia,COL,2000,3.9
Colombia,COL,2001,3.9
Colombia,COL,2002,3.8
Colombia,COL,2003,3.9
Colombia,COL,2004,4
Colombia,COL,2005,4.2
Colombia,COL,2006,4.2
Colombia,COL,2007,4.1
Colombia,COL,2008,4.3
Colombia,COL,2009,4.7
Colombia,COL,2010,5.1
Colombia,COL,2011,5
Colombia,COL,2012,4.6
Colombia,COL,2013,4.1
Colombia,COL,2014,3.6
Colombia,COL,2015,3.1
Colombia,COL,2016,2.7
Colombia,COL,2017,2.4
Congo,COG,2000,1.2
Congo,COG,2001,1.1
Congo,COG,2002,1.1
Congo,COG,2003,1.2
Congo,COG,2004,1.3
Congo,COG,2005,1.5
Congo,COG,2006,1.6
Congo,COG,2007,1.7
Congo,COG,2008,1.7
Congo,COG,2009,1.8
Congo,COG,2010,1.8
Congo,COG,2011,1.8
Congo,COG,2012,1.8
Congo,COG,2013,1.8
Congo,COG,2014,1.9
Congo,COG,2015,1.9
Congo,COG,2016,2
Congo,COG,2017,2.1
Costa Rica,CRI,2000,0.2
Costa Rica,CRI,2001,0.2
Costa Rica,CRI,2002,0.2
Costa Rica,CRI,2003,0.2
Costa Rica,CRI,2004,0.2
Costa Rica,CRI,2005,0.2
Costa Rica,CRI,2006,0.2
Costa Rica,CRI,2007,0.2
Costa Rica,CRI,2008,0.2
Costa Rica,CRI,2009,0.2
Costa Rica,CRI,2010,0.2
Costa Rica,CRI,2011,0.2
Costa Rica,CRI,2012,0.3
Costa Rica,CRI,2013,0.3
Costa Rica,CRI,2014,0.3
Costa Rica,CRI,2015,0.2
Costa Rica,CRI,2016,0.2
Costa Rica,CRI,2017,0.2
Cote d'Ivoire,CIV,2000,3.4
Cote d'Ivoire,CIV,2001,3.7
Cote d'Ivoire,CIV,2002,3.8
Cote d'Ivoire,CIV,2003,3.8
Cote d'Ivoire,CIV,2004,3.7
Cote d'Ivoire,CIV,2005,3.7
Cote d'Ivoire,CIV,2006,3.7
Cote d'Ivoire,CIV,2007,3.9
Cote d'Ivoire,CIV,2008,4.2
Cote d'Ivoire,CIV,2009,4.3
Cote d'Ivoire,CIV,2010,4.5
Cote d'Ivoire,CIV,2011,4.5
Cote d'Ivoire,CIV,2012,4.6
Cote d'Ivoire,CIV,2013,4.7
Cote d'Ivoire,CIV,2014,4.7
Cote d'Ivoire,CIV,2015,4.7
Cote d'Ivoire,CIV,2016,4.7
Cote d'Ivoire,CIV,2017,4.6
Croatia,HRV,2000,0.5
Croatia,HRV,2001,0.3
Croatia,HRV,2002,0.3
Croatia,HRV,2003,0.2
Croatia,HRV,2004,0.2
Croatia,HRV,2005,0.1
Croatia,HRV,2010,0.1
Croatia,HRV,2011,0.1
Croatia,HRV,2012,0.1
Cuba,CUB,2000,0.4
Cuba,CUB,2001,0.3
Djibouti,DJI,2000,0.3
Djibouti,DJI,2001,0.3
Djibouti,DJI,2002,0.3
Djibouti,DJI,2003,0.3
Djibouti,DJI,2004,0.3
Djibouti,DJI,2005,0.3
Djibouti,DJI,2006,0.2
Djibouti,DJI,2007,0.2
Djibouti,DJI,2008,0.2
Djibouti,DJI,2009,0.2
Djibouti,DJI,2010,0.2
Djibouti,DJI,2011,0.2
Djibouti,DJI,2012,0.2
Djibouti,DJI,2013,0.2
Djibouti,DJI,2014,0.2
Djibouti,DJI,2015,0.2
Djibouti,DJI,2016,0.2
Djibouti,DJI,2017,0.2
Dominican Republic,DOM,2000,2.4
Dominican Republic,DOM,2001,2.4
Dominican Republic,DOM,2002,2.4
Dominican Republic,DOM,2003,2.5
Dominican Republic,DOM,2004,2.5
Dominican Republic,DOM,2005,2.3
Dominican Republic,DOM,2006,2.1
Dominican Republic,DOM,2007,2
Dominican Republic,DOM,2008,1.9
Dominican Republic,DOM,2009,1.8
Dominican Republic,DOM,2010,1.6
Dominican Republic,DOM,2011,1.5
Dominican Republic,DOM,2012,1.4
Dominican Republic,DOM,2013,1.3
Dominican Republic,DOM,2014,1.3
Dominican Republic,DOM,2015,1.2
Dominican Republic,DOM,2016,1.1
Dominican Republic,DOM,2017,1
East Asia (exc China),,2000,11.8
East Asia (exc China),,2001,11.9
East Asia (exc China),,2002,11.7
East Asia (exc China),,2003,11.7
East Asia (exc China),,2004,11.8
East Asia (exc China),,2005,12.2
East Asia (exc China),,2006,12.8
East Asia (exc China),,2007,13.5
East Asia (exc China),,2008,14.3
East Asia (exc China),,2009,14.8
East Asia (exc China),,2010,14.8
East Asia (exc China),,2011,14.6
East Asia (exc China),,2012,14.4
East Asia (exc China),,2013,14.5
East Asia (exc China),,2014,14.6
East Asia (exc China),,2015,14.8
East Asia (exc China),,2016,15
East Asia (exc China),,2017,15.4
Eastern Africa,,2000,112.7
Eastern Africa,,2001,113.1
Eastern Africa,,2002,114.3
Eastern Africa,,2003,114.8
Eastern Africa,,2004,114.6
Eastern Africa,,2005,113.7
Eastern Africa,,2006,114.3
Eastern Africa,,2007,115.9
Eastern Africa,,2008,117.9
Eastern Africa,,2009,118.6
Eastern Africa,,2010,119.1
Eastern Africa,,2011,119.4
Eastern Africa,,2012,112.9
Eastern Africa,,2013,114.2
Eastern Africa,,2014,116.4
Eastern Africa,,2015,120.8
Eastern Africa,,2016,125.3
Eastern Africa,,2017,129.9
Eastern Asia,,2000,219.8
Eastern Asia,,2001,220.2
Eastern Asia,,2002,220
Eastern Asia,,2003,220.5
Eastern Asia,,2004,220
Eastern Asia,,2005,218
Eastern Asia,,2006,213.6
Eastern Asia,,2007,206.6
Eastern Asia,,2008,197.6
Eastern Asia,,2009,188.1
Eastern Asia,,2010,178.5
Eastern Asia,,2011,169.5
Eastern Asia,,2012,160.8
Eastern Asia,,2013,152
Eastern Asia,,2014,144.5
Eastern Asia,,2015,139.6
Eastern Asia,,2016,138
Eastern Asia,,2017,137.6
Eastern Europe,,2000,11.7
Eastern Europe,,2001,10.2
Eastern Europe,,2002,8.8
Eastern Europe,,2003,7.7
Eastern and South-Eastern Asia,,2000,336.1
Eastern and South-Eastern Asia,,2001,334.7
Eastern and South-Eastern Asia,,2002,331.7
Eastern and South-Eastern Asia,,2003,329.4
Eastern and South-Eastern Asia,,2004,326.1
Eastern and South-Eastern Asia,,2005,321.5
Eastern and South-Eastern Asia,,2006,313.7
Eastern and South-Eastern Asia,,2007,302.6
Eastern and South-Eastern Asia,,2008,288.9
Eastern and South-Eastern Asia,,2009,272.7
Eastern and South-Eastern Asia,,2010,256
Eastern and South-Eastern Asia,,2011,240.4
Eastern and South-Eastern Asia,,2012,228.1
Eastern and South-Eastern Asia,,2013,217
Eastern and South-Eastern Asia,,2014,207.8
Eastern and South-Eastern Asia,,2015,201.9
Eastern and South-Eastern Asia,,2016,199.6
Eastern and South-Eastern Asia,,2017,198.8
Ecuador,ECU,2000,2.3
Ecuador,ECU,2001,2.4
Ecuador,ECU,2002,2.5
Ecuador,ECU,2003,2.5
Ecuador,ECU,2004,2.4
Ecuador,ECU,2005,2.3
Ecuador,ECU,2006,2.3
Ecuador,ECU,2007,2.2
Ecuador,ECU,2008,2.1
Ecuador,ECU,2009,1.9
Ecuador,ECU,2010,1.6
Ecuador,ECU,2011,1.4
Ecuador,ECU,2012,1.3
Ecuador,ECU,2013,1.3
Ecuador,ECU,2014,1.3
Ecuador,ECU,2015,1.3
Ecuador,ECU,2016,1.3
Ecuador,ECU,2017,1.3
Egypt,EGY,2000,3.7
Egypt,EGY,2001,3.7
Egypt,EGY,2002,3.8
Egypt,EGY,2003,4
Egypt,EGY,2004,4.2
Egypt,EGY,2005,4.2
Egypt,EGY,2006,4
Egypt,EGY,2007,3.8
Egypt,EGY,2008,3.7
Egypt,EGY,2009,3.8
Egypt,EGY,2010,3.8
Egypt,EGY,2011,3.8
Egypt,EGY,2012,3.9
Egypt,EGY,2013,3.9
Egypt,EGY,2014,4
Egypt,EGY,2015,4.1
Egypt,EGY,2016,4.2
Egypt,EGY,2017,4.4
El Salvador,SLV,2000,0.6
El Salvador,SLV,2001,0.6
El Salvador,SLV,2002,0.5
El Salvador,SLV,2003,0.6
El Salvador,SLV,2004,0.6
El Salvador,SLV,2005,0.6
El Salvador,SLV,2006,0.7
El Salvador,SLV,2007,0.7
El Salvador,SLV,2008,0.7
El Salvador,SLV,2009,0.7
El Salvador,SLV,2010,0.8
El Salvador,SLV,2011,0.8
El Salvador,SLV,2012,0.8
El Salvador,SLV,2013,0.7
El Salvador,SLV,2014,0.7
El Salvador,SLV,2015,0.6
El Salvador,SLV,2016,0.6
El Salvador,SLV,2017,0.6
Eswatini,SWZ,2000,0.2
Eswatini,SWZ,2001,0.2
Eswatini,SWZ,2002,0.2
Eswatini,SWZ,2003,0.2
Eswatini,SWZ,2004,0.2
Eswatini,SWZ,2005,0.2
Eswatini,SWZ,2006,0.2
Eswatini,SWZ,2007,0.2
Eswatini,SWZ,2008,0.3
Eswatini,SWZ,2009,0.3
Eswatini,SWZ,2010,0.3
Eswatini,SWZ,2011,0.3
Eswatini,SWZ,2012,0.3
Eswatini,SWZ,2013,0.3
Eswatini,SWZ,2014,0.3
Eswatini,SWZ,2015,0.3
Eswatini,SWZ,2016,0.3
Eswatini,SWZ,2017,0.3
Ethiopia,ETH,2000,34.6
Ethiopia,ETH,2001,33.5
Ethiopia,ETH,2002,32.9
Ethiopia,ETH,2003,32.1
Ethiopia,ETH,2004,31.3
Ethiopia,ETH,2005,30.5
Ethiopia,ETH,2006,30.3
Ethiopia,ETH,2007,30.1
Ethiopia,ETH,2008,29.6
Ethiopia,ETH,2009,28.8
Ethiopia,ETH,2010,28.1
Ethiopia,ETH,2011,27.6
Ethiopia,ETH,2012,26.7
Ethiopia,ETH,2013,25.3
Ethiopia,ETH,2014,23.8
Ethiopia,ETH,2015,22.7
Ethiopia,ETH,2016,21.9
Ethiopia,ETH,2017,21.6
Gabon,GAB,2000,0.1
Gabon,GAB,2001,0.1
Gabon,GAB,2002,0.1
Gabon,GAB,2003,0.2
Gabon,GAB,2004,0.2
Gabon,GAB,2005,0.2
Gabon,GAB,2006,0.2
Gabon,GAB,2007,0.2
Gabon,GAB,2008,0.2
Gabon,GAB,2009,0.2
Gabon,GAB,2010,0.2
Gabon,GAB,2011,0.2
Gabon,GAB,2012,0.2
Gabon,GAB,2013,0.2
Gabon,GAB,2014,0.2
Gabon,GAB,2015,0.2
Gabon,GAB,2016,0.2
Gabon,GAB,2017,0.2
Gambia,GMB,2000,0.2
Gambia,GMB,2001,0.2
Gambia,GMB,2002,0.2
Gambia,GMB,2003,0.2
Gambia,GMB,2004,0.2
Gambia,GMB,2005,0.2
Gambia,GMB,2006,0.2
Gambia,GMB,2007,0.2
Gambia,GMB,2008,0.2
Gambia,GMB,2009,0.2
Gambia,GMB,2010,0.2
Gambia,GMB,2011,0.2
Gambia,GMB,2012,0.2
Gambia,GMB,2013,0.2
Gambia,GMB,2014,0.2
Gambia,GMB,2015,0.2
Gambia,GMB,2016,0.2
Gambia,GMB,2017,0.2
Georgia,GEO,2000,0.6
Georgia,GEO,2001,0.6
Georgia,GEO,2002,0.5
Georgia,GEO,2003,0.4
Georgia,GEO,2004,0.4
Georgia,GEO,2005,0.3
Georgia,GEO,2006,0.3
Georgia,GEO,2007,0.3
Georgia,GEO,2008,0.3
Georgia,GEO,2009,0.3
Georgia,GEO,2010,0.3
Georgia,GEO,2011,0.3
Georgia,GEO,2012,0.3
Georgia,GEO,2013,0.3
Georgia,GEO,2014,0.3
Georgia,GEO,2015,0.3
Georgia,GEO,2016,0.3
Georgia,GEO,2017,0.3
Ghana,GHA,2000,3
Ghana,GHA,2001,2.6
Ghana,GHA,2002,2.4
Ghana,GHA,2003,2.3
Ghana,GHA,2004,2.1
Ghana,GHA,2005,2
Ghana,GHA,2006,1.8
Ghana,GHA,2007,1.7
Ghana,GHA,2008,1.5
Ghana,GHA,2009,1.3
Ghana,GHA,2010,1.3
Ghana,GHA,2011,1.4
Ghana,GHA,2012,1.5
Ghana,GHA,2013,1.6
Ghana,GHA,2014,1.7
Ghana,GHA,2015,1.7
Ghana,GHA,2016,1.7
Ghana,GHA,2017,1.6
Guatemala,GTM,2000,2.4
Guatemala,GTM,2001,2.2
Guatemala,GTM,2002,2
Guatemala,GTM,2003,2
Guatemala,GTM,2004,2
Guatemala,GTM,2005,2.1
Guatemala,GTM,2006,2.1
Guatemala,GTM,2007,2.1
Guatemala,GTM,2008,2.2
Guatemala,GTM,2009,2.2
Guatemala,GTM,2010,2.3
Guatemala,GTM,2011,2.4
Guatemala,GTM,2012,2.5
Guatemala,GTM,2013,2.5
Guatemala,GTM,2014,2.5
Guatemala,GTM,2015,2.5
Guatemala,GTM,2016,2.5
Guatemala,GTM,2017,2.6
Guinea,GIN,2000,2.3
Guinea,GIN,2001,2.3
Guinea,GIN,2002,2.3
Guinea,GIN,2003,2.2
Guinea,GIN,2004,2.1
Guinea,GIN,2005,2.1
Guinea,GIN,2006,2
Guinea,GIN,2007,1.9
Guinea,GIN,2008,1.9
Guinea,GIN,2009,1.9
Guinea,GIN,2010,1.9
Guinea,GIN,2011,1.9
Guinea,GIN,2012,1.9
Guinea,GIN,2013,1.8
Guinea,GIN,2014,1.8
Guinea,GIN,2015,1.8
Guinea,GIN,2016,1.9
Guinea,GIN,2017,2.1
Guinea-Bissau,GNB,2000,0.3
Guinea-Bissau,GNB,2001,0.3
Guinea-Bissau,GNB,2002,0.3
Guinea-Bissau,GNB,2003,0.3
Guinea-Bissau,GNB,2004,0.3
Guinea-Bissau,GNB,2005,0.3
Guinea-Bissau,GNB,2006,0.3
Guinea-Bissau,GNB,2007,0.3
Guinea-Bissau,GNB,2008,0.3
Guinea-Bissau,GNB,2009,0.3
Guinea-Bissau,GNB,2010,0.3
Guinea-Bissau,GNB,2011,0.4
Guinea-Bissau,GNB,2012,0.4
Guinea-Bissau,GNB,2013,0.4
Guinea-Bissau,GNB,2014,0.4
Guinea-Bissau,GNB,2015,0.5
Guinea-Bissau,GNB,2016,0.5
Guinea-Bissau,GNB,2017,0.5
Haiti,HTI,2000,4.7
Haiti,HTI,2001,4.9
Haiti,HTI,2002,5
Haiti,HTI,2003,5.2
Haiti,HTI,2004,5.3
Haiti,HTI,2005,5.3
Haiti,HTI,2006,5.3
Haiti,HTI,2007,5.2
Haiti,HTI,2008,5.1
Haiti,HTI,2009,5
Haiti,HTI,2010,5
Haiti,HTI,2011,5
Haiti,HTI,2012,5.1
Haiti,HTI,2013,5.2
Haiti,HTI,2014,5.2
Haiti,HTI,2015,5.2
Haiti,HTI,2016,5.3
Haiti,HTI,2017,5.4
Honduras,HND,2000,1.3
Honduras,HND,2001,1.2
Honduras,HND,2002,1.2
Honduras,HND,2003,1.2
Honduras,HND,2004,1.2
Honduras,HND,2005,1.3
Honduras,HND,2006,1.2
Honduras,HND,2007,1.2
Honduras,HND,2008,1.2
Honduras,HND,2009,1.2
Honduras,HND,2010,1.2
Honduras,HND,2011,1.3
Honduras,HND,2012,1.3
Honduras,HND,2013,1.3
Honduras,HND,2014,1.3
Honduras,HND,2015,1.2
Honduras,HND,2016,1.2
Honduras,HND,2017,1.2
India,IND,2000,191.2
India,IND,2001,208.2
India,IND,2002,229.3
India,IND,2003,246.5
India,IND,2004,256.5
India,IND,2005,253.9
India,IND,2006,241.1
India,IND,2007,225.9
India,IND,2008,216.5
India,IND,2009,214.4
India,IND,2010,215.7
India,IND,2011,217.9
India,IND,2012,218.8
India,IND,2013,216.3
India,IND,2014,210.4
India,IND,2015,202.7
India,IND,2016,196.9
India,IND,2017,194.4
Indonesia,IDN,2000,39.2
Indonesia,IDN,2001,40.9
Indonesia,IDN,2002,41.9
Indonesia,IDN,2003,42.5
Indonesia,IDN,2004,43.3
Indonesia,IDN,2005,44.1
Indonesia,IDN,2006,44.4
Indonesia,IDN,2007,43.7
Indonesia,IDN,2008,42.1
Indonesia,IDN,2009,37.7
Indonesia,IDN,2010,32.3
Indonesia,IDN,2011,26.8
Indonesia,IDN,2012,23.9
Indonesia,IDN,2013,22.6
Indonesia,IDN,2014,22.3
Indonesia,IDN,2015,22.5
Indonesia,IDN,2016,22.3
Indonesia,IDN,2017,22
Iran,IRN,2000,3.3
Iran,IRN,2001,3.6
Iran,IRN,2002,3.9
Iran,IRN,2003,4
Iran,IRN,2004,4.1
Iran,IRN,2005,4.3
Iran,IRN,2006,4.6
Iran,IRN,2007,4.7
Iran,IRN,2008,4.7
Iran,IRN,2009,4.5
Iran,IRN,2010,4.4
Iran,IRN,2011,4.3
Iran,IRN,2012,4.3
Iran,IRN,2013,4.2
Iran,IRN,2014,4.1
Iran,IRN,2015,4.1
Iran,IRN,2016,4
Iran,IRN,2017,4
Iraq,IRQ,2000,6.7
Iraq,IRQ,2001,6.5
Iraq,IRQ,2002,6.6
Iraq,IRQ,2003,6.9
Iraq,IRQ,2004,7.2
Iraq,IRQ,2005,7.6
Iraq,IRQ,2006,8.1
Iraq,IRQ,2007,8.5
Iraq,IRQ,2008,8.6
Iraq,IRQ,2009,8.5
Iraq,IRQ,2010,8.4
Iraq,IRQ,2011,8.4
Iraq,IRQ,2012,8.7
Iraq,IRQ,2013,9.1
Iraq,IRQ,2014,9.6
Iraq,IRQ,2015,10.2
Iraq,IRQ,2016,10.7
Iraq,IRQ,2017,11.1
Jamaica,JAM,2000,0.2
Jamaica,JAM,2001,0.2
Jamaica,JAM,2002,0.2
Jamaica,JAM,2003,0.2
Jamaica,JAM,2004,0.2
Jamaica,JAM,2005,0.2
Jamaica,JAM,2006,0.2
Jamaica,JAM,2007,0.2
Jamaica,JAM,2008,0.2
Jamaica,JAM,2009,0.2
Jamaica,JAM,2010,0.2
Jamaica,JAM,2011,0.3
Jamaica,JAM,2012,0.3
Jamaica,JAM,2013,0.3
Jamaica,JAM,2014,0.3
Jamaica,JAM,2015,0.3
Jamaica,JAM,2016,0.2
Jamaica,JAM,2017,0.2
Japan,JPN,2010,3.3
Jordan,JOR,2000,0.6
Jordan,JOR,2001,0.6
Jordan,JOR,2002,0.5
Jordan,JOR,2003,0.4
Jordan,JOR,2004,0.4
Jordan,JOR,2005,0.4
Jordan,JOR,2006,0.4
Jordan,JOR,2007,0.4
Jordan,JOR,2008,0.5
Jordan,JOR,2009,0.5
Jordan,JOR,2010,0.6
Jordan,JOR,2011,0.7
Jordan,JOR,2012,0.8
Jordan,JOR,2013,0.9
Jordan,JOR,2014,1
Jordan,JOR,2015,1.1
Jordan,JOR,2016,1.1
Jordan,JOR,2017,1.2
Kazakhstan,KAZ,2000,0.9
Kazakhstan,KAZ,2001,0.8
Kazakhstan,KAZ,2002,0.9
Kazakhstan,KAZ,2003,0.9
Kazakhstan,KAZ,2004,0.9
Kazakhstan,KAZ,2005,0.9
Kazakhstan,KAZ,2006,0.8
Kazakhstan,KAZ,2007,0.7
Kazakhstan,KAZ,2008,0.6
Kazakhstan,KAZ,2009,0.6
Kazakhstan,KAZ,2010,0.5
Kazakhstan,KAZ,2011,0.5
Kenya,KEN,2000,9.8
Kenya,KEN,2001,10.3
Kenya,KEN,2002,11
Kenya,KEN,2003,11.3
Kenya,KEN,2004,11
Kenya,KEN,2005,10.2
Kenya,KEN,2006,9.8
Kenya,KEN,2007,9.7
Kenya,KEN,2008,9.9
Kenya,KEN,2009,9.9
Kenya,KEN,2010,9.7
Kenya,KEN,2011,9.6
Kenya,KEN,2012,9.8
Kenya,KEN,2013,10
Kenya,KEN,2014,10.5
Kenya,KEN,2015,11.8
Kenya,KEN,2016,13.3
Kenya,KEN,2017,14.6
Kuwait,KWT,2016,0.1
Kuwait,KWT,2017,0.1
Kyrgyzstan,KGZ,2000,0.8
Kyrgyzstan,KGZ,2001,0.8
Kyrgyzstan,KGZ,2002,0.7
Kyrgyzstan,KGZ,2003,0.6
Kyrgyzstan,KGZ,2004,0.5
Kyrgyzstan,KGZ,2005,0.5
Kyrgyzstan,KGZ,2006,0.5
Kyrgyzstan,KGZ,2007,0.5
Kyrgyzstan,KGZ,2008,0.5
Kyrgyzstan,KGZ,2009,0.5
Kyrgyzstan,KGZ,2010,0.4
Kyrgyzstan,KGZ,2011,0.4
Kyrgyzstan,KGZ,2012,0.4
Kyrgyzstan,KGZ,2013,0.4
Kyrgyzstan,KGZ,2014,0.4
Kyrgyzstan,KGZ,2015,0.4
Kyrgyzstan,KGZ,2016,0.4
Kyrgyzstan,KGZ,2017,0.4
Land Locked Developing Countries,,2000,104.6
Land Locked Developing Countries,,2001,104.4
Land Locked Developing Countries,,2002,103.8
Land Locked Developing Countries,,2003,101.6
Land Locked Developing Countries,,2004,99.4
Land Locked Developing Countries,,2005,97.5
Land Locked Developing Countries,,2006,96.8
Land Locked Developing Countries,,2007,96.3
Land Locked Developing Countries,,2008,95.5
Land Locked Developing Countries,,2009,94.5
Land Locked Developing Countries,,2010,93.6
Land Locked Developing Countries,,2011,93.3
Land Locked Developing Countries,,2012,96.9
Land Locked Developing Countries,,2013,97.9
Land Locked Developing Countries,,2014,99.5
Land Locked Developing Countries,,2015,102.8
Land Locked Developing Countries,,2016,106.4
Land Locked Developing Countries,,2017,110.1
Laos,LAO,2000,2
Laos,LAO,2001,1.9
Laos,LAO,2002,1.9
Laos,LAO,2003,1.8
Laos,LAO,2004,1.6
Laos,LAO,2005,1.6
Laos,LAO,2006,1.5
Laos,LAO,2007,1.5
Laos,LAO,2008,1.4
Laos,LAO,2009,1.4
Laos,LAO,2010,1.3
Laos,LAO,2011,1.2
Laos,LAO,2012,1.2
Laos,LAO,2013,1.2
Laos,LAO,2014,1.1
Laos,LAO,2015,1.1
Laos,LAO,2016,1.1
Laos,LAO,2017,1.1
Latvia,LVA,2000,0.1
Latvia,LVA,2001,0.1
Least Developed Countries,,2000,229
Least Developed Countries,,2001,226
Least Developed Countries,,2002,224.5
Least Developed Countries,,2003,221.9
Least Developed Countries,,2004,219
Least Developed Countries,,2005,215.7
Least Developed Countries,,2006,213.6
Least Developed Countries,,2007,212.2
Least Developed Countries,,2008,211.7
Least Developed Countries,,2009,210.9
Least Developed Countries,,2010,211
Least Developed Countries,,2011,211.5
Least Developed Countries,,2012,213.8
Least Developed Countries,,2013,215.3
Least Developed Countries,,2014,218.1
Least Developed Countries,,2015,223.6
Least Developed Countries,,2016,230.1
Least Developed Countries,,2017,236.9
Lebanon,LBN,2003,0.1
Lebanon,LBN,2004,0.1
Lebanon,LBN,2005,0.1
Lebanon,LBN,2006,0.1
Lebanon,LBN,2007,0.1
Lebanon,LBN,2008,0.1
Lebanon,LBN,2009,0.2
Lebanon,LBN,2010,0.2
Lebanon,LBN,2011,0.3
Lebanon,LBN,2012,0.4
Lebanon,LBN,2013,0.5
Lebanon,LBN,2014,0.6
Lebanon,LBN,2015,0.6
Lebanon,LBN,2016,0.7
Lebanon,LBN,2017,0.7
Lesotho,LSO,2000,0.3
Lesotho,LSO,2001,0.2
Lesotho,LSO,2002,0.2
Lesotho,LSO,2003,0.2
Lesotho,LSO,2004,0.2
Lesotho,LSO,2005,0.2
Lesotho,LSO,2006,0.2
Lesotho,LSO,2007,0.2
Lesotho,LSO,2008,0.2
Lesotho,LSO,2009,0.3
Lesotho,LSO,2010,0.3
Lesotho,LSO,2011,0.3
Lesotho,LSO,2012,0.3
Lesotho,LSO,2013,0.3
Lesotho,LSO,2014,0.3
Lesotho,LSO,2015,0.3
Lesotho,LSO,2016,0.3
Lesotho,LSO,2017,0.3
Liberia,LBR,2000,1.1
Liberia,LBR,2001,1.2
Liberia,LBR,2002,1.2
Liberia,LBR,2003,1.3
Liberia,LBR,2004,1.3
Liberia,LBR,2005,1.3
Liberia,LBR,2006,1.3
Liberia,LBR,2007,1.3
Liberia,LBR,2008,1.4
Liberia,LBR,2009,1.4
Liberia,LBR,2010,1.4
Liberia,LBR,2011,1.5
Liberia,LBR,2012,1.6
Liberia,LBR,2013,1.6
Liberia,LBR,2014,1.7
Liberia,LBR,2015,1.7
Liberia,LBR,2016,1.8
Liberia,LBR,2017,1.8
Low Income Food Deficit Countries,,2000,462.1
Low Income Food Deficit Countries,,2001,481.1
Low Income Food Deficit Countries,,2002,505.4
Low Income Food Deficit Countries,,2003,521.1
Low Income Food Deficit Countries,,2004,526.8
Low Income Food Deficit Countries,,2005,518.9
Low Income Food Deficit Countries,,2006,503.9
Low Income Food Deficit Countries,,2007,488.8
Low Income Food Deficit Countries,,2008,481.4
Low Income Food Deficit Countries,,2009,480.8
Low Income Food Deficit Countries,,2010,484.9
Low Income Food Deficit Countries,,2011,490.4
Low Income Food Deficit Countries,,2012,497.5
Low Income Food Deficit Countries,,2013,501.2
Low Income Food Deficit Countries,,2014,503.1
Low Income Food Deficit Countries,,2015,506.4
Low Income Food Deficit Countries,,2016,514.1
Low Income Food Deficit Countries,,2017,524.9
Low income,,2000,161.3
Low income,,2001,162.3
Low income,,2002,162.8
Low income,,2003,162.1
Low income,,2004,160.7
Low income,,2005,159.5
Low income,,2006,159.7
Low income,,2007,160.5
Low income,,2008,161.6
Low income,,2009,161.7
Low income,,2010,162.8
Low income,,2011,164.3
Low income,,2012,170.8
Low income,,2013,174.8
Low income,,2014,180.2
Low income,,2015,187.7
Low income,,2016,195.5
Low income,,2017,202.8
Lower middle income,,2000,431.4
Lower middle income,,2001,447.4
Lower middle income,,2002,468.6
Lower middle income,,2003,482.4
Lower middle income,,2004,487.4
Lower middle income,,2005,479.1
Lower middle income,,2006,461.1
Lower middle income,,2007,441
Lower middle income,,2008,427.2
Lower middle income,,2009,419.3
Lower middle income,,2010,415.2
Lower middle income,,2011,412.4
Lower middle income,,2012,419.7
Lower middle income,,2013,416.1
Lower middle income,,2014,410.4
Lower middle income,,2015,405.4
Lower middle income,,2016,405.3
Lower middle income,,2017,409.1
Madagascar,MDG,2000,5.4
Madagascar,MDG,2001,5.8
Madagascar,MDG,2002,6.2
Madagascar,MDG,2003,6.5
Madagascar,MDG,2004,6.6
Madagascar,MDG,2005,6.4
Madagascar,MDG,2006,6.3
Madagascar,MDG,2007,6.3
Madagascar,MDG,2008,6.4
Madagascar,MDG,2009,6.6
Madagascar,MDG,2010,6.7
Madagascar,MDG,2011,7
Madagascar,MDG,2012,7.5
Madagascar,MDG,2013,8.2
Madagascar,MDG,2014,9.1
Madagascar,MDG,2015,10
Madagascar,MDG,2016,10.7
Madagascar,MDG,2017,11.4
Malawi,MWI,2000,3.1
Malawi,MWI,2001,3.1
Malawi,MWI,2002,3.2
Malawi,MWI,2003,3.4
Malawi,MWI,2004,3.5
Malawi,MWI,2005,3.4
Malawi,MWI,2006,3.3
Malawi,MWI,2007,3.2
Malawi,MWI,2008,3.2
Malawi,MWI,2009,3.2
Malawi,MWI,2010,3.3
Malawi,MWI,2011,3.3
Malawi,MWI,2012,3.3
Malawi,MWI,2013,3.2
Malawi,MWI,2014,3.1
Malawi,MWI,2015,3.1
Malawi,MWI,2016,3.2
Malawi,MWI,2017,3.3
Malaysia,MYS,2000,0.7
Malaysia,MYS,2001,0.8
Malaysia,MYS,2002,0.9
Malaysia,MYS,2003,0.9
Malaysia,MYS,2004,1
Malaysia,MYS,2005,1
Malaysia,MYS,2006,1.1
Malaysia,MYS,2007,1.1
Malaysia,MYS,2008,1.1
Malaysia,MYS,2009,1.1
Malaysia,MYS,2010,1.1
Malaysia,MYS,2011,1
Malaysia,MYS,2012,1
Malaysia,MYS,2013,1
Malaysia,MYS,2014,0.9
Malaysia,MYS,2015,0.9
Malaysia,MYS,2016,0.8
Malaysia,MYS,2017,0.8
Mali,MLI,2000,1.6
Mali,MLI,2001,1.6
Mali,MLI,2002,1.6
Mali,MLI,2003,1.5
Mali,MLI,2004,1.5
Mali,MLI,2005,1.4
Mali,MLI,2006,1.3
Mali,MLI,2007,1.2
Mali,MLI,2008,1.1
Mali,MLI,2009,1.1
Mali,MLI,2010,1
Mali,MLI,2011,1
Mali,MLI,2012,1
Mali,MLI,2013,1
Mali,MLI,2014,1
Mali,MLI,2015,1
Mali,MLI,2016,1.1
Mali,MLI,2017,1.2
Mauritania,MRT,2000,0.3
Mauritania,MRT,2001,0.3
Mauritania,MRT,2002,0.3
Mauritania,MRT,2003,0.3
Mauritania,MRT,2004,0.4
Mauritania,MRT,2005,0.4
Mauritania,MRT,2006,0.4
Mauritania,MRT,2007,0.3
Mauritania,MRT,2008,0.3
Mauritania,MRT,2009,0.3
Mauritania,MRT,2010,0.3
Mauritania,MRT,2011,0.3
Mauritania,MRT,2012,0.3
Mauritania,MRT,2013,0.3
Mauritania,MRT,2014,0.3
Mauritania,MRT,2015,0.4
Mauritania,MRT,2016,0.4
Mauritania,MRT,2017,0.5
Mexico,MEX,2000,4.5
Mexico,MEX,2001,4.5
Mexico,MEX,2002,5
Mexico,MEX,2003,5.8
Mexico,MEX,2004,6.2
Mexico,MEX,2005,6
Mexico,MEX,2006,5.5
Mexico,MEX,2007,5.3
Mexico,MEX,2008,5.3
Mexico,MEX,2009,5.4
Mexico,MEX,2010,5.4
Mexico,MEX,2011,5.5
Mexico,MEX,2012,5.4
Mexico,MEX,2013,5.3
Mexico,MEX,2014,5
Mexico,MEX,2015,4.9
Mexico,MEX,2016,4.8
Mexico,MEX,2017,4.7
Middle Africa,,2000,37.8
Middle Africa,,2001,37.7
Middle Africa,,2002,37.7
Middle Africa,,2003,37.3
Middle Africa,,2004,36.8
Middle Africa,,2005,36.3
Middle Africa,,2006,36.3
Middle Africa,,2007,36.4
Middle Africa,,2008,36.6
Middle Africa,,2009,36.6
Middle Africa,,2010,36.6
Middle Africa,,2011,36.6
Middle Africa,,2012,36.5
Middle Africa,,2013,36.5
Middle Africa,,2014,37
Middle Africa,,2015,38.6
Middle Africa,,2016,40.8
Middle Africa,,2017,43
Mongolia,MNG,2000,0.8
Mongolia,MNG,2001,0.8
Mongolia,MNG,2002,0.8
Mongolia,MNG,2003,0.8
Mongolia,MNG,2004,0.8
Mongolia,MNG,2005,0.8
Mongolia,MNG,2006,0.7
Mongolia,MNG,2007,0.7
Mongolia,MNG,2008,0.6
Mongolia,MNG,2009,0.6
Mongolia,MNG,2010,0.6
Mongolia,MNG,2011,0.5
Mongolia,MNG,2012,0.5
Mongolia,MNG,2013,0.5
Mongolia,MNG,2014,0.4
Mongolia,MNG,2015,0.4
Mongolia,MNG,2016,0.4
Mongolia,MNG,2017,0.4
Morocco,MAR,2000,2
Morocco,MAR,2001,2
Morocco,MAR,2002,1.9
Morocco,MAR,2003,1.8
Morocco,MAR,2004,1.7
Morocco,MAR,2005,1.7
Morocco,MAR,2006,1.7
Morocco,MAR,2007,1.7
Morocco,MAR,2008,1.7
Morocco,MAR,2009,1.7
Morocco,MAR,2010,1.7
Morocco,MAR,2011,1.6
Morocco,MAR,2012,1.5
Morocco,MAR,2013,1.4
Morocco,MAR,2014,1.3
Morocco,MAR,2015,1.2
Morocco,MAR,2016,1.2
Morocco,MAR,2017,1.2
Mozambique,MOZ,2000,7.4
Mozambique,MOZ,2001,7.5
Mozambique,MOZ,2002,7.5
Mozambique,MOZ,2003,7.5
Mozambique,MOZ,2004,7.6
Mozambique,MOZ,2005,7.8
Mozambique,MOZ,2006,7.7
Mozambique,MOZ,2007,7.7
Mozambique,MOZ,2008,7.4
Mozambique,MOZ,2009,7.2
Mozambique,MOZ,2010,6.9
Mozambique,MOZ,2011,6.8
Mozambique,MOZ,2012,6.8
Mozambique,MOZ,2013,7
Mozambique,MOZ,2014,7.3
Mozambique,MOZ,2015,7.6
Mozambique,MOZ,2016,7.9
Mozambique,MOZ,2017,8.3
Myanmar,MMR,2000,22.2
Myanmar,MMR,2001,20.9
Myanmar,MMR,2002,19.5
Myanmar,MMR,2003,18.2
Myanmar,MMR,2004,16.9
Myanmar,MMR,2005,15.5
Myanmar,MMR,2006,13.9
Myanmar,MMR,2007,12.2
Myanmar,MMR,2008,10.7
Myanmar,MMR,2009,9.5
Myanmar,MMR,2010,8.5
Myanmar,MMR,2011,7.8
Myanmar,MMR,2012,7.1
Myanmar,MMR,2013,6.6
Myanmar,MMR,2014,6.1
Myanmar,MMR,2015,5.8
Myanmar,MMR,2016,5.6
Myanmar,MMR,2017,5.7
Namibia,NAM,2000,0.5
Namibia,NAM,2001,0.5
Namibia,NAM,2002,0.5
Namibia,NAM,2003,0.5
Namibia,NAM,2004,0.5
Namibia,NAM,2005,0.5
Namibia,NAM,2006,0.5
Namibia,NAM,2007,0.6
Namibia,NAM,2008,0.7
Namibia,NAM,2009,0.8
Namibia,NAM,2010,0.8
Namibia,NAM,2011,0.8
Namibia,NAM,2012,0.8
Namibia,NAM,2013,0.7
Namibia,NAM,2014,0.7
Namibia,NAM,2015,0.7
Namibia,NAM,2016,0.7
Namibia,NAM,2017,0.7
Nepal,NPL,2000,5.2
Nepal,NPL,2001,5.2
Nepal,NPL,2002,5
Nepal,NPL,2003,4.7
Nepal,NPL,2004,4.4
Nepal,NPL,2005,4.1
Nepal,NPL,2006,3.9
Nepal,NPL,2007,3.7
Nepal,NPL,2008,3.3
Nepal,NPL,2009,3
Nepal,NPL,2010,2.7
Nepal,NPL,2011,2.6
Nepal,NPL,2012,2.5
Nepal,NPL,2013,2.5
Nepal,NPL,2014,2.6
Nepal,NPL,2015,2.6
Nepal,NPL,2016,2.6
Nepal,NPL,2017,2.5
Nicaragua,NIC,2000,1.6
Nicaragua,NIC,2001,1.5
Nicaragua,NIC,2002,1.4
Nicaragua,NIC,2003,1.4
Nicaragua,NIC,2004,1.4
Nicaragua,NIC,2005,1.3
Nicaragua,NIC,2006,1.3
Nicaragua,NIC,2007,1.2
Nicaragua,NIC,2008,1.2
Nicaragua,NIC,2009,1.2
Nicaragua,NIC,2010,1.2
Nicaragua,NIC,2011,1.2
Nicaragua,NIC,2012,1.1
Nicaragua,NIC,2013,1.1
Nicaragua,NIC,2014,1
Nicaragua,NIC,2015,1
Nicaragua,NIC,2016,1
Nicaragua,NIC,2017,1.1
Niger,NER,2000,2.5
Niger,NER,2001,2.3
Niger,NER,2002,2.3
Niger,NER,2003,2.2
Niger,NER,2004,2.1
Niger,NER,2005,2.1
Niger,NER,2006,2
Niger,NER,2007,2
Niger,NER,2008,1.9
Niger,NER,2009,1.9
Niger,NER,2010,1.8
Niger,NER,2011,1.9
Niger,NER,2012,1.9
Niger,NER,2013,1.9
Niger,NER,2014,2
Niger,NER,2015,2.3
Niger,NER,2016,2.9
Niger,NER,2017,3.6
Nigeria,NGA,2000,11.4
Nigeria,NGA,2001,11.3
Nigeria,NGA,2002,11.5
Nigeria,NGA,2003,11
Nigeria,NGA,2004,10.1
Nigeria,NGA,2005,9.1
Nigeria,NGA,2006,8.7
Nigeria,NGA,2007,8.7
Nigeria,NGA,2008,9
Nigeria,NGA,2009,9.5
Nigeria,NGA,2010,9.9
Nigeria,NGA,2011,10.6
Nigeria,NGA,2012,11.7
Nigeria,NGA,2013,13.4
Nigeria,NGA,2014,15.2
Nigeria,NGA,2015,17.4
Nigeria,NGA,2016,21.4
Nigeria,NGA,2017,25.6
North Africa (exc Sudan),,2000,9.6
North Africa (exc Sudan),,2001,9.5
North Africa (exc Sudan),,2002,9.5
North Africa (exc Sudan),,2003,9.5
North Africa (exc Sudan),,2004,9.6
North Africa (exc Sudan),,2005,9.6
North Africa (exc Sudan),,2006,9.3
North Africa (exc Sudan),,2007,9.1
North Africa (exc Sudan),,2008,8.8
North Africa (exc Sudan),,2009,8.7
North Africa (exc Sudan),,2010,8.6
North Africa (exc Sudan),,2011,8.6
North Africa (exc Sudan),,2012,8.4
North Africa (exc Sudan),,2013,8.2
North Africa (exc Sudan),,2014,8
North Africa (exc Sudan),,2015,8
North Africa (exc Sudan),,2016,8.1
North Africa (exc Sudan),,2017,8.3
North Korea,PRK,2000,8.6
North Korea,PRK,2001,8.6
North Korea,PRK,2002,8.3
North Korea,PRK,2003,8.1
North Korea,PRK,2004,8.1
North Korea,PRK,2005,8.4
North Korea,PRK,2006,9
North Korea,PRK,2007,9.5
North Korea,PRK,2008,9.9
North Korea,PRK,2009,10.2
North Korea,PRK,2010,10.3
North Korea,PRK,2011,10.3
North Korea,PRK,2012,10.5
North Korea,PRK,2013,10.6
North Korea,PRK,2014,10.9
North Korea,PRK,2015,11.2
North Korea,PRK,2016,11.7
North Korea,PRK,2017,12.2
North Macedonia,MKD,2000,0.2
North Macedonia,MKD,2001,0.2
North Macedonia,MKD,2002,0.2
North Macedonia,MKD,2003,0.2
North Macedonia,MKD,2004,0.1
North Macedonia,MKD,2005,0.1
North Macedonia,MKD,2006,0.1
Northern Africa,,2000,9.6
Northern Africa,,2001,9.5
Northern Africa,,2002,9.5
Northern Africa,,2003,9.5
Northern Africa,,2004,9.6
Northern Africa,,2005,9.6
Northern Africa,,2006,9.3
Northern Africa,,2007,9.1
Northern Africa,,2008,8.8
Northern Africa,,2009,8.7
Northern Africa,,2010,8.6
Northern Africa,,2011,8.6
Northern Africa,,2012,17
Northern Africa,,2013,16.5
Northern Africa,,2014,16
Northern Africa,,2015,15.8
Northern Africa,,2016,16
Northern Africa,,2017,16.5
Northern Africa and Western Asia,,2000,28.8
Northern Africa and Western Asia,,2001,28.6
Northern Africa and Western Asia,,2002,28.6
Northern Africa and Western Asia,,2003,28.9
Northern Africa and Western Asia,,2004,29
Northern Africa and Western Asia,,2005,29.1
Northern Africa and Western Asia,,2006,29
Northern Africa and Western Asia,,2007,29
Northern Africa and Western Asia,,2008,29.1
Northern Africa and Western Asia,,2009,28.9
Northern Africa and Western Asia,,2010,29.6
Northern Africa and Western Asia,,2011,30.4
Northern Africa and Western Asia,,2012,40.2
Northern Africa and Western Asia,,2013,41
Northern Africa and Western Asia,,2014,42.4
Northern Africa and Western Asia,,2015,44.3
Northern Africa and Western Asia,,2016,46.7
Northern Africa and Western Asia,,2017,48.8
Oceania,,2000,1.7
Oceania,,2001,1.7
Oceania,,2002,1.7
Oceania,,2003,1.8
Oceania,,2004,1.8
Oceania,,2005,1.8
Oceania,,2006,1.8
Oceania,,2007,1.8
Oceania,,2008,1.8
Oceania,,2009,1.8
Oceania,,2010,1.9
Oceania,,2011,2
Oceania,,2012,2.1
Oceania,,2013,2.2
Oceania,,2014,2.3
Oceania,,2015,2.3
Oceania,,2016,2.4
Oceania,,2017,2.5
Oman,OMN,2000,0.3
Oman,OMN,2001,0.3
Oman,OMN,2002,0.3
Oman,OMN,2003,0.3
Oman,OMN,2004,0.3
Oman,OMN,2005,0.3
Oman,OMN,2006,0.2
Oman,OMN,2007,0.2
Oman,OMN,2008,0.2
Oman,OMN,2009,0.2
Oman,OMN,2010,0.2
Oman,OMN,2011,0.2
Oman,OMN,2012,0.2
Oman,OMN,2013,0.2
Oman,OMN,2014,0.2
Oman,OMN,2015,0.2
Oman,OMN,2016,0.3
Oman,OMN,2017,0.3
Pakistan,PAK,2000,32.5
Pakistan,PAK,2001,35.1
Pakistan,PAK,2002,37.3
Pakistan,PAK,2003,37.6
Pakistan,PAK,2004,36.9
Pakistan,PAK,2005,35.9
Pakistan,PAK,2006,35.3
Pakistan,PAK,2007,34.9
Pakistan,PAK,2008,34.9
Pakistan,PAK,2009,35.3
Pakistan,PAK,2010,35.9
Pakistan,PAK,2011,36.7
Pakistan,PAK,2012,37.4
Pakistan,PAK,2013,38.1
Pakistan,PAK,2014,38.9
Pakistan,PAK,2015,39.3
Pakistan,PAK,2016,39.7
Pakistan,PAK,2017,40
Panama,PAN,2000,0.8
Panama,PAN,2001,0.8
Panama,PAN,2002,0.8
Panama,PAN,2003,0.7
Panama,PAN,2004,0.8
Panama,PAN,2005,0.8
Panama,PAN,2006,0.7
Panama,PAN,2007,0.6
Panama,PAN,2008,0.6
Panama,PAN,2009,0.5
Panama,PAN,2010,0.5
Panama,PAN,2011,0.4
Panama,PAN,2012,0.4
Panama,PAN,2013,0.4
Panama,PAN,2014,0.4
Panama,PAN,2015,0.4
Panama,PAN,2016,0.4
Panama,PAN,2017,0.4
Paraguay,PRY,2000,0.7
Paraguay,PRY,2001,0.7
Paraguay,PRY,2002,0.6
Paraguay,PRY,2003,0.6
Paraguay,PRY,2004,0.6
Paraguay,PRY,2005,0.7
Paraguay,PRY,2006,0.7
Paraguay,PRY,2007,0.8
Paraguay,PRY,2008,0.8
Paraguay,PRY,2009,0.8
Paraguay,PRY,2010,0.8
Paraguay,PRY,2011,0.7
Paraguay,PRY,2012,0.8
Paraguay,PRY,2013,0.8
Paraguay,PRY,2014,0.8
Paraguay,PRY,2015,0.7
Paraguay,PRY,2016,0.7
Paraguay,PRY,2017,0.7
Peru,PER,2000,5.7
Peru,PER,2001,5.7
Peru,PER,2002,5.9
Peru,PER,2003,6.1
Peru,PER,2004,5.9
Peru,PER,2005,5.4
Peru,PER,2006,4.9
Peru,PER,2007,4.5
Peru,PER,2008,4.1
Peru,PER,2009,3.7
Peru,PER,2010,3.3
Peru,PER,2011,3
Peru,PER,2012,2.8
Peru,PER,2013,2.8
Peru,PER,2014,2.8
Peru,PER,2015,3
Peru,PER,2016,3.1
Peru,PER,2017,3.1
Philippines,PHL,2000,15.9
Philippines,PHL,2001,15.7
Philippines,PHL,2002,15.6
Philippines,PHL,2003,15.3
Philippines,PHL,2004,14.7
Philippines,PHL,2005,14.1
Philippines,PHL,2006,13.3
Philippines,PHL,2007,12.6
Philippines,PHL,2008,12.1
Philippines,PHL,2009,12
Philippines,PHL,2010,12.4
Philippines,PHL,2011,13.1
Philippines,PHL,2012,13.7
Philippines,PHL,2013,14
Philippines,PHL,2014,14
Philippines,PHL,2015,13.9
Philippines,PHL,2016,13.9
Philippines,PHL,2017,13.9
Russia,RUS,2000,7.4
Russia,RUS,2001,6.4
Russia,RUS,2002,5.4
Russia,RUS,2003,4.5
Russia,RUS,2004,3.7
Rwanda,RWA,2000,4.4
Rwanda,RWA,2001,4.1
Rwanda,RWA,2002,3.9
Rwanda,RWA,2003,3.9
Rwanda,RWA,2004,4
Rwanda,RWA,2005,4
Rwanda,RWA,2006,4
Rwanda,RWA,2007,3.9
Rwanda,RWA,2008,3.7
Rwanda,RWA,2009,3.6
Rwanda,RWA,2010,3.5
Rwanda,RWA,2011,3.5
Rwanda,RWA,2012,3.5
Rwanda,RWA,2013,3.6
Rwanda,RWA,2014,3.8
Rwanda,RWA,2015,4.1
Rwanda,RWA,2016,4.3
Rwanda,RWA,2017,4.5
Saudi Arabia,SAU,2000,1.3
Saudi Arabia,SAU,2001,1.4
Saudi Arabia,SAU,2002,1.5
Saudi Arabia,SAU,2003,1.7
Saudi Arabia,SAU,2004,1.8
Saudi Arabia,SAU,2005,1.9
Saudi Arabia,SAU,2006,1.9
Saudi Arabia,SAU,2007,1.9
Saudi Arabia,SAU,2008,2
Saudi Arabia,SAU,2009,2
Saudi Arabia,SAU,2010,1.9
Saudi Arabia,SAU,2011,1.8
Saudi Arabia,SAU,2012,1.7
Saudi Arabia,SAU,2013,1.6
Saudi Arabia,SAU,2014,1.6
Saudi Arabia,SAU,2015,1.8
Saudi Arabia,SAU,2016,2
Saudi Arabia,SAU,2017,2.3
Senegal,SEN,2000,2.8
Senegal,SEN,2001,2.8
Senegal,SEN,2002,2.8
Senegal,SEN,2003,2.7
Senegal,SEN,2004,2.6
Senegal,SEN,2005,2.4
Senegal,SEN,2006,2.2
Senegal,SEN,2007,2
Senegal,SEN,2008,1.8
Senegal,SEN,2009,1.7
Senegal,SEN,2010,1.7
Senegal,SEN,2011,1.7
Senegal,SEN,2012,1.8
Senegal,SEN,2013,1.9
Senegal,SEN,2014,1.9
Senegal,SEN,2015,1.9
Senegal,SEN,2016,1.9
Senegal,SEN,2017,1.8
Serbia,SRB,2006,0.5
Serbia,SRB,2007,0.5
Serbia,SRB,2008,0.5
Serbia,SRB,2009,0.5
Serbia,SRB,2010,0.5
Serbia,SRB,2011,0.5
Serbia,SRB,2012,0.5
Serbia,SRB,2013,0.5
Serbia,SRB,2014,0.5
Serbia,SRB,2015,0.5
Serbia,SRB,2016,0.5
Serbia,SRB,2017,0.5
Sierra Leone,SLE,2000,1.8
Sierra Leone,SLE,2001,1.9
Sierra Leone,SLE,2002,2
Sierra Leone,SLE,2003,2.1
Sierra Leone,SLE,2004,2.1
Sierra Leone,SLE,2005,2.1
Sierra Leone,SLE,2006,2
Sierra Leone,SLE,2007,1.9
Sierra Leone,SLE,2008,1.9
Sierra Leone,SLE,2009,1.8
Sierra Leone,SLE,2010,1.7
Sierra Leone,SLE,2011,1.7
Sierra Leone,SLE,2012,1.6
Sierra Leone,SLE,2013,1.6
Sierra Leone,SLE,2014,1.6
Sierra Leone,SLE,2015,1.7
Sierra Leone,SLE,2016,1.8
Sierra Leone,SLE,2017,1.9
Slovakia,SVK,2000,0.3
Slovakia,SVK,2001,0.3
Slovakia,SVK,2002,0.4
Slovakia,SVK,2003,0.4
Slovakia,SVK,2004,0.3
Slovakia,SVK,2005,0.3
Slovakia,SVK,2006,0.3
Slovakia,SVK,2007,0.3
Slovakia,SVK,2008,0.3
Slovakia,SVK,2009,0.3
Slovakia,SVK,2010,0.2
Slovakia,SVK,2011,0.2
Slovakia,SVK,2012,0.2
Slovakia,SVK,2013,0.2
Slovakia,SVK,2014,0.2
Slovakia,SVK,2015,0.2
Slovakia,SVK,2016,0.2
Slovakia,SVK,2017,0.2
Small island developing States,,2000,12.1
Small island developing States,,2001,12.1
Small island developing States,,2002,12.3
Small island developing States,,2003,12.6
Small island developing States,,2004,12.6
Small island developing States,,2005,12.5
Small island developing States,,2006,12.3
Small island developing States,,2007,12.2
Small island developing States,,2008,12
Small island developing States,,2009,11.8
Small island developing States,,2010,11.5
Small island developing States,,2011,11.4
Small island developing States,,2012,11.4
Small island developing States,,2013,11.5
Small island developing States,,2014,11.6
Small island developing States,,2015,11.6
Small island developing States,,2016,11.7
Small island developing States,,2017,11.8
South Africa,ZAF,2000,2.3
South Africa,ZAF,2001,2.2
South Africa,ZAF,2002,2.1
South Africa,ZAF,2003,2.1
South Africa,ZAF,2004,2.1
South Africa,ZAF,2005,2.1
South Africa,ZAF,2006,2.2
South Africa,ZAF,2007,2.3
South Africa,ZAF,2008,2.3
South Africa,ZAF,2009,2.3
South Africa,ZAF,2010,2.3
South Africa,ZAF,2011,2.3
South Africa,ZAF,2012,2.4
South Africa,ZAF,2013,2.6
South Africa,ZAF,2014,2.8
South Africa,ZAF,2015,3.2
South Africa,ZAF,2016,3.4
South Africa,ZAF,2017,3.5
South America,,2000,42.6
South America,,2001,40.7
South America,,2002,38.3
South America,,2003,35.3
South America,,2004,32.4
South America,,2005,29.6
South America,,2006,27.1
South America,,2007,24.6
South America,,2008,22.7
South America,,2009,21.7
South America,,2010,20.9
South America,,2011,20
South America,,2012,19.3
South America,,2013,19
South America,,2014,19.5
South America,,2015,20.6
South America,,2016,22
South America,,2017,23.1
South Asia (exc India),,2000,81.2
South Asia (exc India),,2001,82.4
South Asia (exc India),,2002,84.3
South Asia (exc India),,2003,83.6
South Asia (exc India),,2004,81.9
South Asia (exc India),,2005,80.2
South Asia (exc India),,2006,78.9
South Asia (exc India),,2007,77.8
South Asia (exc India),,2008,77.2
South Asia (exc India),,2009,77.2
South Asia (exc India),,2010,78
South Asia (exc India),,2011,79.1
South Asia (exc India),,2012,80.2
South Asia (exc India),,2013,81.4
South Asia (exc India),,2014,82.5
South Asia (exc India),,2015,83.2
South Asia (exc India),,2016,83.4
South Asia (exc India),,2017,83.4
South Eastern Asia,,2000,116.2
South Eastern Asia,,2001,114.5
South Eastern Asia,,2002,111.7
South Eastern Asia,,2003,108.9
South Eastern Asia,,2004,106.1
South Eastern Asia,,2005,103.6
South Eastern Asia,,2006,100.1
South Eastern Asia,,2007,96
South Eastern Asia,,2008,91.2
South Eastern Asia,,2009,84.6
South Eastern Asia,,2010,77.5
South Eastern Asia,,2011,71
South Eastern Asia,,2012,67.3
South Eastern Asia,,2013,64.9
South Eastern Asia,,2014,63.3
South Eastern Asia,,2015,62.3
South Eastern Asia,,2016,61.6
South Eastern Asia,,2017,61.2
Southern Africa,,2000,3.8
Southern Africa,,2001,3.7
Southern Africa,,2002,3.6
Southern Africa,,2003,3.6
Southern Africa,,2004,3.6
Southern Africa,,2005,3.6
Southern Africa,,2006,3.8
Southern Africa,,2007,4
Southern Africa,,2008,4.2
Southern Africa,,2009,4.2
Southern Africa,,2010,4.2
Southern Africa,,2011,4.2
Southern Africa,,2012,4.3
Southern Africa,,2013,4.4
Southern Africa,,2014,4.7
Southern Africa,,2015,5
Southern Africa,,2016,5.3
Southern Africa,,2017,5.4
Southern Asia,,2000,272.4
Southern Asia,,2001,290.6
Southern Asia,,2002,313.7
Southern Asia,,2003,330.1
Southern Asia,,2004,338.4
Southern Asia,,2005,334
Southern Asia,,2006,320
Southern Asia,,2007,303.7
Southern Asia,,2008,293.7
Southern Asia,,2009,291.5
Southern Asia,,2010,293.7
Southern Asia,,2011,297
Southern Asia,,2012,299
Southern Asia,,2013,297.6
Southern Asia,,2014,292.9
Southern Asia,,2015,285.9
Southern Asia,,2016,280.3
Southern Asia,,2017,277.7
Sri Lanka,LKA,2000,3.5
Sri Lanka,LKA,2001,3.5
Sri Lanka,LKA,2002,3.6
Sri Lanka,LKA,2003,3.6
Sri Lanka,LKA,2004,3.6
Sri Lanka,LKA,2005,3.6
Sri Lanka,LKA,2006,3.4
Sri Lanka,LKA,2007,3.3
Sri Lanka,LKA,2008,3.1
Sri Lanka,LKA,2009,2.9
Sri Lanka,LKA,2010,2.8
Sri Lanka,LKA,2011,2.6
Sri Lanka,LKA,2012,2.5
Sri Lanka,LKA,2013,2.3
Sri Lanka,LKA,2014,2.1
Sri Lanka,LKA,2015,2
Sri Lanka,LKA,2016,1.9
Sri Lanka,LKA,2017,1.9
Sub-Saharan Africa,,2000,182
Sub-Saharan Africa,,2001,182.3
Sub-Saharan Africa,,2002,183.4
Sub-Saharan Africa,,2003,182.4
Sub-Saharan Africa,,2004,180.2
Sub-Saharan Africa,,2005,177.3
Sub-Saharan Africa,,2006,177
Sub-Saharan Africa,,2007,178.3
Sub-Saharan Africa,,2008,180.1
Sub-Saharan Africa,,2009,180.7
Sub-Saharan Africa,,2010,181.2
Sub-Saharan Africa,,2011,182.2
Sub-Saharan Africa,,2012,187.8
Sub-Saharan Africa,,2013,191.4
Sub-Saharan Africa,,2014,196.4
Sub-Saharan Africa,,2015,205.7
Sub-Saharan Africa,,2016,217.7
Sub-Saharan Africa,,2017,229.9
Sub-Saharan Africa (inc. Sudan),,2000,191.1
Sub-Saharan Africa (inc. Sudan),,2001,191.2
Sub-Saharan Africa (inc. Sudan),,2002,192.4
Sub-Saharan Africa (inc. Sudan),,2003,191.6
Sub-Saharan Africa (inc. Sudan),,2004,189.6
Sub-Saharan Africa (inc. Sudan),,2005,186.8
Sub-Saharan Africa (inc. Sudan),,2006,186.6
Sub-Saharan Africa (inc. Sudan),,2007,187.9
Sub-Saharan Africa (inc. Sudan),,2008,190
Sub-Saharan Africa (inc. Sudan),,2009,191
Sub-Saharan Africa (inc. Sudan),,2010,191.9
Sub-Saharan Africa (inc. Sudan),,2011,193.1
Sub-Saharan Africa (inc. Sudan),,2012,196.4
Sub-Saharan Africa (inc. Sudan),,2013,199.7
Sub-Saharan Africa (inc. Sudan),,2014,204.3
Sub-Saharan Africa (inc. Sudan),,2015,213.5
Sub-Saharan Africa (inc. Sudan),,2016,225.6
Sub-Saharan Africa (inc. Sudan),,2017,238.1
Sudan,SDN,2012,8.5
Sudan,SDN,2013,8.3
Sudan,SDN,2014,7.9
Sudan,SDN,2015,7.8
Sudan,SDN,2016,7.9
Sudan,SDN,2017,8.2
Taiwan,TWN,2000,0.8
Taiwan,TWN,2001,0.9
Taiwan,TWN,2002,1
Taiwan,TWN,2003,1
Taiwan,TWN,2004,1
Taiwan,TWN,2005,1.1
Taiwan,TWN,2006,1.1
Taiwan,TWN,2007,1.1
Taiwan,TWN,2008,1.2
Taiwan,TWN,2009,1.2
Taiwan,TWN,2010,1.1
Taiwan,TWN,2011,1.1
Taiwan,TWN,2012,1
Taiwan,TWN,2013,1
Taiwan,TWN,2014,0.9
Taiwan,TWN,2015,0.9
Taiwan,TWN,2016,0.8
Taiwan,TWN,2017,0.8
Tanzania,TZA,2000,12.5
Tanzania,TZA,2001,13
Tanzania,TZA,2002,13.3
Tanzania,TZA,2003,13.7
Tanzania,TZA,2004,13.7
Tanzania,TZA,2005,13.6
Tanzania,TZA,2006,13.6
Tanzania,TZA,2007,13.9
Tanzania,TZA,2008,14.8
Tanzania,TZA,2009,15.4
Tanzania,TZA,2010,16
Tanzania,TZA,2011,16
Tanzania,TZA,2012,16.1
Tanzania,TZA,2013,16.4
Tanzania,TZA,2014,16.7
Tanzania,TZA,2015,17
Tanzania,TZA,2016,17.2
Tanzania,TZA,2017,17.6
Thailand,THA,2000,11.8
Thailand,THA,2001,11.6
Thailand,THA,2002,11
Thailand,THA,2003,10.2
Thailand,THA,2004,9.2
Thailand,THA,2005,8.2
Thailand,THA,2006,7.3
Thailand,THA,2007,6.8
Thailand,THA,2008,6.6
Thailand,THA,2009,6.5
Thailand,THA,2010,6.2
Thailand,THA,2011,5.9
Thailand,THA,2012,5.7
Thailand,THA,2013,5.6
Thailand,THA,2014,5.5
Thailand,THA,2015,5.4
Thailand,THA,2016,5.4
Thailand,THA,2017,5.4
Timor,TLS,2000,0.4
Timor,TLS,2001,0.3
Timor,TLS,2002,0.3
Timor,TLS,2003,0.3
Timor,TLS,2004,0.3
Timor,TLS,2005,0.3
Timor,TLS,2006,0.3
Timor,TLS,2007,0.3
Timor,TLS,2008,0.3
Timor,TLS,2009,0.3
Timor,TLS,2010,0.3
Timor,TLS,2011,0.3
Timor,TLS,2012,0.3
Timor,TLS,2013,0.3
Timor,TLS,2014,0.3
Timor,TLS,2015,0.3
Timor,TLS,2016,0.3
Timor,TLS,2017,0.3
Togo,TGO,2000,1.5
Togo,TGO,2001,1.6
Togo,TGO,2002,1.6
Togo,TGO,2003,1.5
Togo,TGO,2004,1.5
Togo,TGO,2005,1.5
Togo,TGO,2006,1.5
Togo,TGO,2007,1.4
Togo,TGO,2008,1.4
Togo,TGO,2009,1.4
Togo,TGO,2010,1.4
Togo,TGO,2011,1.3
Togo,TGO,2012,1.3
Togo,TGO,2013,1.3
Togo,TGO,2014,1.3
Togo,TGO,2015,1.3
Togo,TGO,2016,1.3
Togo,TGO,2017,1.3
Trinidad and Tobago,TTO,2000,0.1
Trinidad and Tobago,TTO,2001,0.1
Trinidad and Tobago,TTO,2002,0.1
Trinidad and Tobago,TTO,2003,0.2
Trinidad and Tobago,TTO,2004,0.2
Trinidad and Tobago,TTO,2005,0.2
Trinidad and Tobago,TTO,2006,0.1
Trinidad and Tobago,TTO,2007,0.1
Trinidad and Tobago,TTO,2008,0.1
Trinidad and Tobago,TTO,2009,0.1
Trinidad and Tobago,TTO,2010,0.1
Trinidad and Tobago,TTO,2011,0.1
Trinidad and Tobago,TTO,2012,0.1
Tunisia,TUN,2000,0.5
Tunisia,TUN,2001,0.5
Tunisia,TUN,2002,0.5
Tunisia,TUN,2003,0.6
Tunisia,TUN,2004,0.6
Tunisia,TUN,2005,0.6
Tunisia,TUN,2006,0.6
Tunisia,TUN,2007,0.6
Tunisia,TUN,2008,0.5
Tunisia,TUN,2009,0.5
Tunisia,TUN,2010,0.5
Tunisia,TUN,2011,0.5
Tunisia,TUN,2012,0.5
Tunisia,TUN,2013,0.5
Tunisia,TUN,2014,0.5
Tunisia,TUN,2015,0.5
Tunisia,TUN,2016,0.5
Tunisia,TUN,2017,0.5
Turkmenistan,TKM,2000,0.4
Turkmenistan,TKM,2001,0.3
Turkmenistan,TKM,2002,0.3
Turkmenistan,TKM,2003,0.3
Turkmenistan,TKM,2004,0.2
Turkmenistan,TKM,2005,0.2
Turkmenistan,TKM,2006,0.2
Turkmenistan,TKM,2007,0.2
Turkmenistan,TKM,2008,0.2
Turkmenistan,TKM,2009,0.2
Turkmenistan,TKM,2010,0.2
Turkmenistan,TKM,2011,0.3
Turkmenistan,TKM,2012,0.3
Turkmenistan,TKM,2013,0.3
Turkmenistan,TKM,2014,0.3
Turkmenistan,TKM,2015,0.3
Turkmenistan,TKM,2016,0.3
Turkmenistan,TKM,2017,0.3
Uganda,UGA,2000,6.7
Uganda,UGA,2001,6.8
Uganda,UGA,2002,6.8
Uganda,UGA,2003,6.6
Uganda,UGA,2004,6.5
Uganda,UGA,2005,6.9
Uganda,UGA,2006,7.6
Uganda,UGA,2007,8.6
Uganda,UGA,2008,9.4
Uganda,UGA,2009,10
Uganda,UGA,2010,10.5
Uganda,UGA,2011,11.1
Uganda,UGA,2012,11.7
Uganda,UGA,2013,12.6
Uganda,UGA,2014,13.6
Uganda,UGA,2015,15.1
Uganda,UGA,2016,16.5
Uganda,UGA,2017,17.6
Ukraine,UKR,2000,2.2
Ukraine,UKR,2001,1.7
Ukraine,UKR,2002,1.4
Ukraine,UKR,2015,1.3
Ukraine,UKR,2016,1.5
Ukraine,UKR,2017,1.5
United Arab Emirates,ARE,2004,0.1
United Arab Emirates,ARE,2005,0.2
United Arab Emirates,ARE,2006,0.3
United Arab Emirates,ARE,2007,0.3
United Arab Emirates,ARE,2008,0.4
United Arab Emirates,ARE,2009,0.5
United Arab Emirates,ARE,2010,0.5
United Arab Emirates,ARE,2011,0.5
United Arab Emirates,ARE,2012,0.4
United Arab Emirates,ARE,2013,0.4
United Arab Emirates,ARE,2014,0.3
United Arab Emirates,ARE,2015,0.3
United Arab Emirates,ARE,2016,0.3
United Arab Emirates,ARE,2017,0.2
Upper middle income,,2000,299.8
Upper middle income,,2001,296.3
Upper middle income,,2002,292.1
Upper middle income,,2003,288.5
Upper middle income,,2004,283.4
Upper middle income,,2005,276.4
Upper middle income,,2006,266.9
Upper middle income,,2007,256
Upper middle income,,2008,244.1
Upper middle income,,2009,232.3
Upper middle income,,2010,221
Upper middle income,,2011,210.9
Upper middle income,,2012,201.9
Upper middle income,,2013,193
Upper middle income,,2014,186.2
Upper middle income,,2015,182.8
Upper middle income,,2016,182.7
Upper middle income,,2017,183.4
Uruguay,URY,2000,0.1
Uruguay,URY,2001,0.1
Uruguay,URY,2002,0.1
Uruguay,URY,2003,0.1
Uruguay,URY,2004,0.1
Uruguay,URY,2005,0.1
Uruguay,URY,2006,0.1
Uruguay,URY,2007,0.1
Uruguay,URY,2008,0.1
Uzbekistan,UZB,2000,4
Uzbekistan,UZB,2001,4.7
Uzbekistan,UZB,2002,5
Uzbekistan,UZB,2003,4.9
Uzbekistan,UZB,2004,4.4
Uzbekistan,UZB,2005,3.9
Uzbekistan,UZB,2006,3.3
Uzbekistan,UZB,2007,3
Uzbekistan,UZB,2008,2.8
Uzbekistan,UZB,2009,2.7
Uzbekistan,UZB,2010,2.6
Uzbekistan,UZB,2011,2.4
Uzbekistan,UZB,2012,2.2
Uzbekistan,UZB,2013,2.1
Uzbekistan,UZB,2014,2
Uzbekistan,UZB,2015,2
Uzbekistan,UZB,2016,2
Uzbekistan,UZB,2017,2
Venezuela,VEN,2000,4
Venezuela,VEN,2001,4.1
Venezuela,VEN,2002,4.3
Venezuela,VEN,2003,3.9
Venezuela,VEN,2004,3.4
Venezuela,VEN,2005,2.8
Venezuela,VEN,2006,2.3
Venezuela,VEN,2007,1.7
Venezuela,VEN,2008,1.1
Venezuela,VEN,2009,0.9
Venezuela,VEN,2010,0.9
Venezuela,VEN,2011,1.1
Venezuela,VEN,2012,1.4
Venezuela,VEN,2013,1.9
Venezuela,VEN,2014,2.9
Venezuela,VEN,2015,4.3
Venezuela,VEN,2016,5.7
Venezuela,VEN,2017,6.8
Vietnam,VNM,2000,19.5
Vietnam,VNM,2001,18.2
Vietnam,VNM,2002,17
Vietnam,VNM,2003,16
Vietnam,VNM,2004,15.5
Vietnam,VNM,2005,15.3
Vietnam,VNM,2006,15
Vietnam,VNM,2007,14.3
Vietnam,VNM,2008,13.4
Vietnam,VNM,2009,12.7
Vietnam,VNM,2010,12.1
Vietnam,VNM,2011,11.5
Vietnam,VNM,2012,11.1
Vietnam,VNM,2013,10.4
Vietnam,VNM,2014,9.7
Vietnam,VNM,2015,9.2
Vietnam,VNM,2016,8.9
Vietnam,VNM,2017,8.8
Western Africa,,2000,36.8
Western Africa,,2001,36.7
Western Africa,,2002,36.8
Western Africa,,2003,36
Western Africa,,2004,34.6
Western Africa,,2005,33.2
Western Africa,,2006,32.1
Western Africa,,2007,31.6
Western Africa,,2008,31.3
Western Africa,,2009,31.5
Western Africa,,2010,32
Western Africa,,2011,32.9
Western Africa,,2012,34.2
Western Africa,,2013,36.3
Western Africa,,2014,38.3
Western Africa,,2015,41.3
Western Africa,,2016,46.3
Western Africa,,2017,51.6
Western Asia,,2000,19.2
Western Asia,,2001,19
Western Asia,,2002,19.1
Western Asia,,2003,19.4
Western Asia,,2004,19.4
Western Asia,,2005,19.5
Western Asia,,2006,19.6
Western Asia,,2007,19.9
Western Asia,,2008,20.3
Western Asia,,2009,20.3
Western Asia,,2010,20.9
Western Asia,,2011,21.8
Western Asia,,2012,23.2
Western Asia,,2013,24.5
Western Asia,,2014,26.5
Western Asia,,2015,28.5
Western Asia,,2016,30.7
Western Asia,,2017,32.3
World,OWID_WRL,2000,916.3
World,OWID_WRL,2001,929.8
World,OWID_WRL,2002,947.9
World,OWID_WRL,2003,958
World,OWID_WRL,2004,957
World,OWID_WRL,2005,940.5
World,OWID_WRL,2006,913.1
World,OWID_WRL,2007,883.2
World,OWID_WRL,2008,859.3
World,OWID_WRL,2009,840.4
World,OWID_WRL,2010,826.1
World,OWID_WRL,2011,814.3
World,OWID_WRL,2012,807.6
World,OWID_WRL,2013,798.8
World,OWID_WRL,2014,791.4
World,OWID_WRL,2015,790.2
World,OWID_WRL,2016,797.9
World,OWID_WRL,2017,809.9
Yemen,YEM,2000,5.3
Yemen,YEM,2001,5.5
Yemen,YEM,2002,5.8
Yemen,YEM,2003,6
Yemen,YEM,2004,6.2
Yemen,YEM,2005,6.2
Yemen,YEM,2006,6.1
Yemen,YEM,2007,6
Yemen,YEM,2008,6
Yemen,YEM,2009,6
Yemen,YEM,2010,6.1
Yemen,YEM,2011,6.1
Yemen,YEM,2012,6.5
Yemen,YEM,2013,7.2
Yemen,YEM,2014,8.2
Yemen,YEM,2015,9.3
Yemen,YEM,2016,10.4
Yemen,YEM,2017,11
Zambia,ZMB,2000,5
Zambia,ZMB,2001,5.3
Zambia,ZMB,2002,5.6
Zambia,ZMB,2003,5.7
Zambia,ZMB,2004,5.9
Zambia,ZMB,2005,6.2
Zambia,ZMB,2006,6.5
Zambia,ZMB,2007,6.8
Zambia,ZMB,2008,6.9
Zambia,ZMB,2009,6.9
Zambia,ZMB,2010,6.9
Zambia,ZMB,2011,7
Zambia,ZMB,2012,7
Zambia,ZMB,2013,7
Zambia,ZMB,2014,7
Zambia,ZMB,2015,7.2
Zambia,ZMB,2016,7.6
Zambia,ZMB,2017,8
Zimbabwe,ZWE,2000,4.9
Zimbabwe,ZWE,2001,5
Zimbabwe,ZWE,2002,5.1
Zimbabwe,ZWE,2003,5.2
Zimbabwe,ZWE,2004,5.4
Zimbabwe,ZWE,2005,5.5
Zimbabwe,ZWE,2006,5.5
Zimbabwe,ZWE,2007,5.7
Zimbabwe,ZWE,2008,5.8
Zimbabwe,ZWE,2009,5.9
Zimbabwe,ZWE,2010,5.9
Zimbabwe,ZWE,2011,5.9
Zimbabwe,ZWE,2012,6.2
Zimbabwe,ZWE,2013,6.6
Zimbabwe,ZWE,2014,7.2
Zimbabwe,ZWE,2015,7.8
Zimbabwe,ZWE,2016,8.2
Zimbabwe,ZWE,2017,8.5
